customer_id,name,email,phone,gender,signup_date
1,Mary Allen,dennis06@flores.net,+1-682-689-6239x1647,Male,2023-01-26
2,Jeff Howard,dchan@clark.com,(988)812-6997,Male,2023-08-13
3,Edward Gonzales,aaron46@fuller-wolfe.biz,760-170-4527x104,Male,2024-10-14
4,Amanda Waters,johnathanswanson@gmail.com,829.334.3367,Male,2023-03-14
5,Amy Patel,helenjohnson@yahoo.com,(258)361-6042x37449,Male,2024-07-09
6,David Newton,njordan@yahoo.com,254-061-7165x1164,Female,2025-06-27
7,Isaiah Pierce,eric88@yahoo.com,(630)348-8697,Male,2023-06-17
8,Alicia Lester,diana21@gmail.com,887-627-5685x856,Male,2023-12-25
9,Brandy Caldwell,ndeleon@hotmail.com,+1-736-030-9492x18901,Female,2025-08-05
10,Julie Berger,stonedonna@gmail.com,4722265818,Male,2025-07-26
11,Angela Fowler,kimberlythomas@hotmail.com,(124)922-9038x2842,Male,2023-09-15
12,David Campbell,thompsonkristin@yahoo.com,339.767.2034,Female,2024-06-20
13,Joe Vargas,erose@romero.com,3975567394,Male,2025-08-16
14,Jorge Schultz,newmanmaria@gmail.com,3004893242,Female,2025-06-22
15,Jason Lane,hugheskeith@yahoo.com,534.723.0927x0657,Female,2025-06-16
16,Dustin Jackson,rford@williams.com,(834)294-7077x1141,Female,2025-05-22
17,Tina Vincent,qpeck@yahoo.com,+1-446-354-7766x51019,Male,2023-03-16
18,Alexander Hull,williamsaaron@yahoo.com,343-807-4465x754,Male,2025-04-05
19,James Barton,melissacook@harrison-fisher.com,7987909368,Female,2025-02-04
20,Jean Wilson,heathshelby@hotmail.com,+1-675-708-5259,Male,2025-08-16
21,Richard Tyler,ann50@mason.com,(913)400-3688x3438,Female,2023-04-05
22,Jason Swanson,donald23@hayes.com,296-757-4734x614,Male,2022-10-05
23,Travis Herrera,ihorton@moore-butler.com,4667440613,Male,2025-01-17
24,Elizabeth Parker,jasonjones@hotmail.com,+1-967-607-0757x748,Female,2025-05-05
25,Michael Parker,fmaddox@yahoo.com,375-205-6501x48398,Male,2023-01-19
26,Paige Ingram,joseph73@brown-mcdonald.info,001-361-441-2654x846,Female,2023-12-15
27,Robert Diaz,roger29@lane.info,+1-928-414-3581x3330,Male,2023-04-15
28,Mark Adkins,tylerkeller@bates.com,365.761.1789x4451,Male,2022-12-28
29,Paul Gonzales,michelle36@curtis.com,771-787-3276,Male,2023-08-27
30,Denise Perez,cblair@hotmail.com,(359)373-8452,Male,2024-09-06
31,Amanda Thompson,cooperjason@tucker.com,+1-830-598-5560x534,Female,2024-03-18
32,Derek Poole,elizabethtaylor@gmail.com,(234)362-1532,Male,2025-04-13
33,Jeremiah Hodges,kfranklin@reynolds-pineda.com,+1-171-303-9946x497,Female,2024-01-18
34,Travis Weber,adrian54@yahoo.com,158.198.3967x7851,Male,2025-07-12
35,Leslie Smith,dwillis@yahoo.com,787.363.0777x3600,Male,2025-09-01
36,Kathryn Reilly,elopez@hotmail.com,1240406715,Female,2024-12-18
37,Jeffrey Gomez,miguel69@yahoo.com,799-645-6357x67000,Female,2024-12-26
38,Stuart Bender,josephramirez@yahoo.com,001-443-707-1721x55617,Male,2023-03-24
39,Jeffrey Cook,stephanie60@matthews-king.com,975.119.9282x48771,Male,2025-01-21
40,Mrs. Erica Harmon,holdenchristie@yahoo.com,312.033.5658x67941,Female,2025-04-16
41,Edwin Arnold,tthompson@gutierrez.com,001-586-538-3613x767,Female,2024-07-19
42,Jennifer Cox,petersonsherri@hotmail.com,001-637-786-1791x7403,Female,2023-10-02
43,Melody Thompson,kayla98@ponce.com,(092)017-1979,Male,2024-09-22
44,Kaitlin Dickerson,mcleanchristina@gmail.com,(392)832-3218x932,Female,2023-08-05
45,Rachel Copeland,xhowell@white-rios.com,860.404.3377x0416,Male,2023-08-23
46,Margaret Campbell,dennisneal@gmail.com,(175)804-4172,Female,2025-07-12
47,Madison Cook,henrycurtis@yahoo.com,+1-176-208-3035x1472,Male,2023-03-31
48,Matthew Taylor,brett80@brown.com,360-749-4774x48386,Male,2023-01-01
49,Brittany Johnson,klucas@rosales.com,956-624-0585,Male,2023-03-20
50,George Smith,kelly21@yahoo.com,209-854-8874,Male,2024-02-08
51,Thomas Knight,kaufmankeith@guerra.com,(098)368-8056x487,Male,2023-04-01
52,Timothy Drake,eanderson@george.com,616.285.2692,Female,2025-03-31
53,Linda Scott,nicoleprince@hotmail.com,950.840.5154x28374,Male,2024-09-25
54,Dr. Andrea Welch,chelseamiller@gmail.com,001-514-279-8369x67556,Male,2023-03-29
55,Justin Hobbs,herreraglenda@smith.org,612.153.5212x071,Female,2025-03-18
56,Michael Jones,ngarcia@collins-hill.com,955.456.7252,Male,2023-11-28
57,Jennifer Torres MD,lisa73@ingram.biz,+1-754-797-7652x005,Male,2023-10-08
58,Edward Johnson,qdavis@gmail.com,(970)302-9804x975,Female,2024-08-31
59,Janice Brown,robertsoncynthia@gmail.com,380-096-1051x34367,Male,2025-06-07
60,Kelsey Harrison,ireed@roach.com,7117162496,Male,2024-07-08
61,Jean Peterson,juan54@yahoo.com,141.873.3109,Female,2024-09-20
62,Kyle Ellison,angela92@yahoo.com,990.241.7443x304,Female,2025-03-27
63,Mary Li,bakermichael@stevens.com,097-329-1623x69567,Male,2025-06-17
64,Bryan Higgins,cwiggins@yahoo.com,019.244.3786x75803,Female,2023-12-21
65,Thomas Stewart,robertgreen@gmail.com,(235)495-5896x328,Female,2025-03-02
66,Scott Jordan,allisonmccullough@romero.com,001-341-929-5019x745,Female,2023-02-08
67,Pamela Walters,carpenterlisa@gmail.com,(018)449-6492x7574,Male,2023-02-13
68,Allison Henderson,bradfordkatelyn@hotmail.com,(553)855-5697x56436,Female,2023-09-27
69,Daniel Christensen,tvillanueva@yahoo.com,(311)641-5915,Male,2025-06-13
70,Cindy Moore,rhonda85@watkins-graves.com,(650)486-7489,Male,2025-05-11
71,Jose Larson,janet29@edwards.info,(628)308-7119,Female,2025-05-08
72,Linda Melton,nicholekelly@hodges.com,677.083.9037x518,Female,2024-09-06
73,Zachary Spencer,catkins@gmail.com,063-494-0638x69017,Male,2024-03-11
74,Jon Anderson,samuelchung@yahoo.com,031-346-8512x41045,Male,2024-05-25
75,Martha Garrett,jcoleman@hotmail.com,375-325-5454x64475,Female,2023-10-26
76,Barbara Moreno,sstewart@hotmail.com,001-783-741-6962x1748,Male,2024-11-15
77,Nicholas Raymond,daniel42@smith.com,857-675-1672,Female,2023-11-26
78,Matthew Gonzalez,hughesvalerie@savage.org,264.793.9840x22113,Female,2023-03-09
79,Courtney Moore,charlestaylor@gmail.com,001-966-933-8977,Male,2024-11-16
80,Eric Fischer,walshjennifer@oneal.com,(244)883-7492x35561,Male,2025-01-11
81,Mary Spencer,carrie14@yahoo.com,+1-426-889-4595x911,Male,2024-06-30
82,Rachel Campbell,harrisonmatthew@sullivan.com,+1-659-408-7219x57097,Male,2024-07-13
83,Wayne Oliver,ctravis@gmail.com,001-071-660-8083x029,Male,2023-06-22
84,Samantha Huber,bookerjamie@hotmail.com,001-889-309-0068x66679,Female,2024-08-13
85,Jasmine Carlson,crystal35@hotmail.com,(074)605-0172,Male,2025-07-10
86,Daniel Bartlett,francisjesus@bauer.net,834.806.2068x373,Male,2023-10-15
87,Nicholas Harris,hayley13@johnson-wolfe.com,127.830.5093,Male,2023-04-29
88,Michele Smith,loriwalker@gmail.com,+1-940-648-4721x73368,Female,2023-09-16
89,George Bennett,rscott@yahoo.com,(045)928-6169x22277,Female,2024-08-23
90,Chelsea Jones,sibarra@morgan.com,+1-266-355-6929x99101,Female,2023-07-26
91,Christopher Evans,sara70@stewart.info,886-876-4775x22521,Male,2025-09-07
92,Joe Schneider,carolbond@copeland-mccall.net,948-138-0014,Male,2024-02-05
93,Tara White,twebb@gmail.com,468-043-7965,Female,2024-02-19
94,Amy Ramos,meganjackson@alvarez-palmer.biz,6939573592,Male,2023-09-18
95,Laura Gonzalez,briancarr@woodard.net,001-457-524-2570x35705,Female,2024-09-22
96,Barbara Walker,philip53@gmail.com,822.840.2756x9376,Female,2025-03-14
97,Alison Williams,laura62@hotmail.com,001-874-471-4153x13328,Female,2025-01-23
98,Ian Church,wumariah@bishop-scott.com,940-642-4034x222,Male,2022-12-09
99,Bradley Sweeney,ksmith@bates-murphy.org,(832)382-3056x7053,Female,2024-08-28
100,Danny Ramos,lyonsmark@gmail.com,666-935-4588x96983,Male,2025-06-29
101,Samantha Holmes,dgibbs@fuentes.com,+1-462-094-3540x033,Male,2024-02-03
102,Dr. Ricky Lynn,daniellele@morales.net,807-909-6477x210,Female,2024-10-15
103,Lori Hodge,pcombs@yahoo.com,622.417.0235,Female,2023-07-21
104,Aaron Christensen,ynolan@graham.com,188.793.0133x6138,Female,2023-10-14
105,Steven Welch,pshaffer@gardner-conrad.com,(248)370-5820x636,Male,2023-11-04
106,William Moore,ryanedwards@ewing.org,(721)167-1578x9146,Male,2022-12-07
107,Michael Cook,mstone@hotmail.com,(135)391-5114x8294,Male,2025-02-06
108,Jessica Lyons,nicholas17@james.com,509.958.1117x8021,Female,2024-01-27
109,Evan Mercado,cochranholly@perez-jones.com,001-694-628-1958,Female,2023-02-08
110,Gerald Glover,paulmargaret@marshall.com,+1-010-997-8714,Female,2024-08-01
111,Jennifer Mccoy,jeremymccormick@gmail.com,468.273.1315,Female,2024-11-17
112,Robert Fuller,turnerdaniel@hotmail.com,(394)271-1363x145,Male,2023-11-02
113,Dwayne Campbell,knelson@mitchell.com,001-051-416-6210x73637,Female,2023-05-14
114,Casey Sellers,darin43@yahoo.com,466.001.6702,Male,2025-07-20
115,Jessica Good,larry12@knight.com,001-182-577-6215x4592,Female,2023-01-14
116,Courtney Hawkins,sandra58@baker.org,299-976-6259,Male,2025-04-27
117,Brittney Miller,daniel34@yahoo.com,091.760.2925x71036,Male,2023-02-23
118,Michael Fields,lkelly@campbell.biz,+1-538-199-7455x635,Female,2022-12-11
119,Karen Dixon,gregorypierce@yahoo.com,(744)428-4135,Female,2024-09-11
120,Todd Hernandez,henrymccarthy@campos-walker.com,(824)376-1402,Male,2025-04-12
121,Linda Lloyd,evan51@hotmail.com,001-077-313-7998x082,Female,2025-03-23
122,Shaun Tapia,torresjacqueline@yahoo.com,(701)960-0138,Male,2022-11-17
123,Kevin Sellers,jeremy73@hotmail.com,+1-306-873-2407x43301,Male,2023-08-24
124,Emily Wise,andersondeborah@gmail.com,462-856-2957x66730,Male,2023-10-31
125,Kaitlyn Weber,pnelson@gmail.com,(826)419-9968x1780,Male,2023-11-05
126,Manuel Fleming,russell70@bishop.com,+1-690-116-5610x7717,Male,2025-04-16
127,Danielle Perkins,jdickerson@mercado-burke.com,999-576-7860x5837,Male,2024-12-11
128,Cameron Smith,jimenezricardo@clark.com,980-293-7178,Female,2025-05-16
129,Roger Norris,paul90@yahoo.com,7524372952,Female,2024-03-10
130,Christopher Jones,debralane@santiago.info,001-283-050-9998x49376,Female,2024-03-09
131,Tyler Medina,curtis78@anderson.com,(544)710-6832x1079,Male,2024-02-27
132,Jason Leon,hfarmer@gmail.com,490-416-6813,Male,2023-01-21
133,Robert Jackson,lawrencescott@hotmail.com,(611)066-9123,Male,2023-01-16
134,David Meyer,maddoxkenneth@gutierrez.com,486-899-1864,Female,2025-06-15
135,Elizabeth Bryant,jasminjackson@campos-miller.com,604.121.5406x900,Female,2022-12-13
136,Adam Perez,aflowers@gmail.com,(112)402-8975x5547,Female,2025-06-01
137,Jason Richards,kathy18@hurst.com,(614)226-9255x5959,Female,2023-06-04
138,Allen Myers,julian63@peterson.com,+1-441-186-9831x298,Male,2024-05-17
139,Megan Burns,amandablack@hotmail.com,556.885.8181,Male,2024-07-07
140,Ryan Roach,lewisjessica@phillips.com,051-611-5911,Female,2022-12-17
141,David Ayala,tinajones@jones-jefferson.com,407-332-1748,Female,2025-08-19
142,Charles Lee,andreflowers@lloyd.biz,122.418.3951x7726,Female,2023-09-10
143,Kylie Collins,xmarshall@hotmail.com,467-687-4676,Female,2023-09-08
144,Mr. Joshua Lynn,normajones@wheeler.com,(240)634-7595x522,Female,2023-02-20
145,Ariel Miller,courtneydelgado@hotmail.com,787-518-6740x5506,Female,2024-10-10
146,David Hernandez,alee@hotmail.com,151.382.2210x19699,Female,2024-04-28
147,Dominique Griffin,vincent29@wood-mullins.com,866.301.9332x5791,Female,2024-08-01
148,Julie Welch,jacqueline80@hotmail.com,914-918-3733x1154,Male,2024-02-15
149,Joshua Richards,robin90@rodgers.com,689.612.0263,Male,2025-08-08
150,Cynthia Turner,aprilphillips@yahoo.com,+1-946-976-0668x1634,Female,2025-02-27
151,Gregory Burton,nhenry@arnold-deleon.com,574-280-9788x5236,Female,2022-11-28
152,Karen Hodges,awhite@hotmail.com,0216913600,Male,2023-02-10
153,Jacqueline Medina,kimberlysanders@hotmail.com,881-970-2726x27564,Female,2024-05-20
154,Victor Ramirez,humphreymarie@allen.biz,001-494-258-2000x555,Male,2023-06-04
155,Michele Mccoy,dcarlson@hotmail.com,+1-372-980-1819x4795,Male,2022-10-20
156,Steven Gamble,jennifersimmons@gmail.com,001-204-400-1213x851,Female,2024-11-25
157,Vanessa Vaughn,fordjulie@yahoo.com,001-283-265-5592x86762,Female,2023-02-21
158,James Smith,yhall@oneal.com,560-349-0920,Female,2024-02-06
159,Katrina Jones,jasonramos@roy.com,001-309-664-7414x5059,Male,2024-07-25
160,Andrew Smith,mmeyers@hotmail.com,(486)945-5346x287,Male,2024-08-11
161,Christy Mccarthy,melissa02@hotmail.com,475-353-9067x8231,Male,2022-10-27
162,Marc Irwin,larsondawn@lane.com,(524)921-6084x2597,Male,2023-10-12
163,Jessica Graves,barbaragonzalez@yahoo.com,+1-181-836-0159x1869,Female,2022-12-18
164,Troy Carter,wlewis@robertson.com,802-001-8369x251,Female,2023-01-18
165,Thomas Kidd,mitchell08@flores.com,001-689-981-0052,Female,2024-10-25
166,Bryan Hughes,uowen@cole.com,393-057-4633x70474,Female,2022-11-21
167,Michael Jensen,kevinnorris@johnson.com,715.740.9376x2938,Male,2024-06-20
168,Ms. Kristina Ford,davidcole@gmail.com,528-883-8471x963,Male,2024-01-23
169,Isaac Hall,amber65@sanchez-hicks.com,5957160576,Male,2023-11-14
170,Raymond Olson,hspencer@pearson.com,413.487.3969,Female,2024-05-17
171,Kristin Duarte,breannaharris@yahoo.com,(600)436-3520x3657,Female,2023-02-27
172,Joseph Cruz,elizabeth46@silva.com,001-554-484-1505x48364,Female,2024-05-21
173,Christopher Pugh,jeremyharris@gmail.com,931.729.4767x926,Female,2024-12-20
174,Nicholas Wong,armstrongelizabeth@hotmail.com,+1-905-113-2265x95064,Female,2023-10-25
175,Edward Nicholson,alee@barker-durham.com,001-502-490-8860x3071,Female,2023-03-16
176,Kelly Long,john05@saunders.com,894.883.9905,Female,2024-07-01
177,Monica Johnson,carol92@hotmail.com,8148220001,Male,2023-02-26
178,Taylor Austin,mccarthybryan@williams-torres.com,001-394-495-2997,Female,2023-01-21
179,Tiffany Arnold,claytonrobert@ayers-combs.com,001-993-967-2847x51236,Female,2025-02-15
180,Kelly Evans,hugheslisa@guzman.com,(983)717-4941x0984,Female,2023-09-10
181,Courtney Whitehead,angelaedwards@garcia.com,413-124-1870,Female,2024-07-29
182,Donald Crawford,larsondonald@edwards.net,(243)124-1465x51133,Female,2025-08-18
183,Michael Li,greenrandy@murray.com,+1-898-207-3556x2080,Female,2024-05-22
184,Jeanne Anderson,fwilliams@gmail.com,+1-329-622-5800x84440,Female,2022-09-27
185,John Aguirre,amandakennedy@norman.com,335-394-9058,Female,2024-10-10
186,Natalie Williams,wfritz@fisher-cooper.info,+1-292-507-1118,Female,2023-05-01
187,Kimberly French,danielsgregory@williams.com,5790651205,Female,2024-12-21
188,Kimberly Weaver,brittanybass@ortiz-jones.com,+1-468-859-1511x550,Male,2024-11-21
189,Sherry Crane,brandon58@yahoo.com,512-359-8906,Female,2024-09-03
190,Tasha Mosley,kpoole@chang-walker.com,477.873.3225x45290,Female,2024-07-11
191,John Baker,geraldalexander@sutton.org,(002)210-2509x9091,Male,2022-11-29
192,Gary Lopez,johnsoncatherine@gmail.com,206-758-2289,Female,2023-08-24
193,Christine Andrade,hhoffman@hotmail.com,+1-877-738-3412,Female,2023-05-28
194,Paula Mcdonald,sowens@bailey-larson.com,(282)380-9425x06036,Male,2024-06-29
195,Amy Rodriguez,vberger@hotmail.com,903-893-0367,Male,2024-09-17
196,Cynthia Miller,bbradley@hotmail.com,317-840-4980,Female,2023-12-19
197,Sarah Wolf,wadepaul@gmail.com,493.922.3588,Male,2025-01-07
198,Jennifer Crawford,taylor10@yahoo.com,001-447-854-5648x082,Male,2024-09-21
199,Michael Alvarado,nolancindy@hotmail.com,047-551-9047,Male,2024-11-22
200,Nancy Dyer,john19@alvarez.info,293-822-7945x8514,Female,2023-04-01
